text,subreddit,author,topic,gender_indicator,female_avatar,love_indicator,has_photo,likes
What's your favorite romance manga with a female lead? Looking for something sweet and heartwarming!, manga, u/romancequeen22, romance manga,1,1,1,0,0
"As a woman, I find 'Nana' to be a very empowering and emotional read. How about you?", manga, u/nanafanatic, Nana,1,1,0,0,0
Can we talk about how badass the female characters are in 'Attack on Titan'? They are seriously underrated!, manga, u/aotfangirl, Attack on Titan,1,1,0,0,0
Any other ladies here obsessed with 'Ouran High School Host Club'? It's just so cute and funny!, manga, u/ouranhostclubfan, Ouran High School Host Club,1,1,0,1,0
Just finished reading 'Skip Beat!' and I'm in awe of Kyoko's strength and determination. Who else loves this series?, manga, u/skipbeataddict, Skip Beat!,1,1,1,1,0
Looking for recommendations for manga that explore complex female friendships. Any suggestions?, manga, u/friendshipmanga, female friendships,1,0,0,1,1
I'm really enjoying 'Yona of the Dawn' and how it subverts typical shoujo tropes. Any other fans here?, manga, u/yonaofthedawnfan, Yona of the Dawn,1,1,0,0,1
"Just discovered 'Fruits Basket' and I'm loving how it tackles themes of family, acceptance, and growth. What do you think of it?", manga, u/fruitsbasketfan, Fruits Basket,1,1,0,1,0
Anyone else really relate to Haruhi's tomboyish personality in 'Ouran High School Host Club'? It's refreshing to see a female character like her!, manga, u/tomboyishmanga, Ouran High School Host Club,1,0,0,1,1
Can we appreciate how 'A Silent Voice' portrays female characters with disabilities and mental health issues in a respectful and nuanced way?, manga, u/asilentvoicefan, A Silent Voice,1,1,0,1,0
I really enjoyed 'Nodame Cantabile' for its focus on classical music and a female protagonist who is quirky and talented. What did you think of it?, manga, u/nodamefan, Nodame Cantabile,1,1,0,0,1
Can we talk about how gorgeous the art is in 'Kamisama Kiss'? The female characters are especially stunning!, manga, u/kamisamakissfan, Kamisama Kiss,1,1,0,0,0
"As a woman, I love reading manga that feature strong and complex female characters. Any recommendations?", manga, u/femalecharactersmanga, strong female characters,1,0,1,0,1
Just finished reading 'Blue Flag' and it was such a poignant and realistic portrayal of teenage relationships. Would highly recommend!, manga, u/blueflagfan, teenage relationships,1,0,0,1,1
Who else thinks that the 'Sailor Moon' manga is a must-read for any magical girl fan? It's a classic for a reason!, manga, u/sailormoonfan, Sailor Moon,1,1,0,0,0
"I really appreciate how 'Honey and Clover' explores the struggles and growth of college students, including female characters. What do you think of it?", manga, u/honeyandcloverfan, Honey and Clover,1,1,1,1,0
Just started 'The Ancient Magus' Bride' and I'm loving how it combines magic and romance with a strong female lead. What do you think of it?, manga, u/magusbridefan, The Ancient Magus' Bride,1,1,1,1,0
Can we talk about how 'Akatsuki no Yona' has some of the most interesting and diverse female characters in manga?, manga, u/akatsukinoyonafan, Akatsuki no Yona,1,1,0,1,0
I just finished 'Orange' and it was such a powerful and emotional read about friendship and second chances. What did you think of it?, manga, u/orangefan, Orange,1,1,0,0,0
Looking for manga that explore the challenges of being a working woman in Japan. Any suggestions?, manga, u/workingwomenmanga, working women,1,1,0,0,1
Can we appreciate how 'Princess Jellyfish' challenges traditional beauty standards and celebrates individuality and creativity?, manga, u/princessjellyfishfan, Princess Jellyfish,1,1,0,1,1
Just discovered 'Cardcaptor Sakura' and I'm in love with the whimsical art and charming characters. What do you think of it?, manga, u/cardcaptorsakurafan, Cardcaptor Sakura,1,1,1,1,1
Who else loves 'Nausicaä of the Valley of the Wind' for its environmental themes and strong female lead?, manga, u/nausicaafan, Nausicaä of the Valley of the Wind,1,1,1,1,1
I really enjoyed 'Wandering Son' for its sensitive and honest portrayal of gender identity and growing up. What did you think of it?, manga, u/wanderingsonfan, Wandering Son,1,0,0,1,1
Can we talk about how 'Kimi ni Todoke' captures the sweetness and awkwardness of first love so well? It's such a heartwarming read!, manga, u/kiminotodokefan, Kimi ni Todoke,1,1,1,0,0
"Just finished reading 'Banana Fish' and I'm blown away by its powerful and tragic story, as well as its complex female characters. What did you think of it?", manga, u/bananafishfan, Banana Fish,1,1,0,0,1
Looking for manga that explore the challenges and triumphs of motherhood. Any recommendations?, manga, u/motherhoodmanga, motherhood,1,1,0,1,1
Can we talk about how 'Fushigi Yugi' has some of the most dramatic and intense romantic relationships in manga? Who's your favorite couple?, manga, u/fushigiyugifan, Fushigi Yugi,1,1,1,0,0
"As a woman, I appreciate how 'Maid-sama!' subverts gender roles and features a female lead who is strong, capable, and determined. What do you think of it?", manga, u/maidsamafan, Maid-sama!,1,1,0,1,0
Just discovered 'Chihayafuru' and I'm loving how it combines sports and romance with a strong and passionate female lead. What do you think of it?, manga, u/chihayafurufan, Chihayafuru,1,1,1,0,0
Who else thinks that 'Fullmetal Alchemist' has some of the most badass and complex female characters in manga? They are a force to be reckoned with!, manga, u/fmabfan, Fullmetal Alchemist,1,1,0,1,0
"I really appreciate how 'Kare Kano' explores the complexities and vulnerabilities of teenage relationships, as well as the pressures and expectations placed on young women. What did you think of it?", manga, u/karekanofan, Kare Kano,1,1,0,1,0
"Just finished 'Kamisama Kiss' and I'm loving how it blends romance, comedy, and supernatural elements with a strong and independent female lead. What do you think of it?", manga, u/kamisamakissfan, Kamisama Kiss,1,1,1,1,0
Looking for manga that explore the challenges of balancing career and family as a woman. Any suggestions?, manga, u/careerandfamilymanga, career and family,1,1,0,1,0
"Can we talk about how 'A Silent Voice' tackles themes of bullying, redemption, and forgiveness with such raw and emotional honesty? And its female lead is such a compelling and complex character!", manga, u/asilentvoicefan, A Silent Voice,1,0,0,0,1
Just discovered 'My Love Story!!' and I'm loving how it celebrates unconventional beauty and shows that love comes in all shapes and sizes. What do you think of it?, manga, u/mylovestoryfan, My Love Story!!,1,1,1,0,0
"Who else thinks that 'Yona of the Dawn' has some of the most epic and thrilling battle scenes, as well as a badass and inspiring female protagonist? She's a true warrior!", manga, u/yonaofthedawnfan, Yona of the Dawn,1,1,0,1,0
"I really enjoyed 'Nana' for its mature and realistic portrayal of adult relationships, as well as its exploration of female friendship and empowerment. What did you think of it?", manga, u/nanafan, Nana,1,1,0,0,0
"Can we talk about how 'Kimi no Na Wa' (Your Name) is a breathtaking and poignant story about love, loss, and destiny, with a strong and resilient female lead? It's a masterpiece!", manga, u/kiminonawafan, Kimi no Na Wa,1,1,1,1,1
"As a woman, I appreciate how 'Ouran High School Host Club' parodies and deconstructs gender stereotypes, and features a diverse and lovable cast of characters. What do you think of it?", manga, u/ouranfan, Ouran High School Host Club,1,1,0,0,1
Just finished reading 'Skip Beat!' and I'm blown away by its hilarious and heartwarming story about following your dreams and finding your true self. What did you think of it?, manga, u/skipbeatfan, Skip Beat!,1,1,0,1,1
Looking for manga that explore the joys and challenges of sisterhood. Any recommendations?, manga, u/sisterhoodmanga, sisterhood,1,1,0,0,0
"Can we talk about how 'K-On!' is a cute and fun manga that celebrates the power of music, friendship, and girl power? It's a must-read for anyone who loves a good slice-of-life story!", manga, u/konfan, K-On!,1,1,1,1,0
Just discovered 'Kare First Love' and I'm loving how it explores the ups and downs of first love with a relatable and charming female protagonist. What do you think of it?, manga, u/karefirstlovefan, Kare First Love,1,1,1,1,0
"Who else thinks that 'Fruits Basket' is a timeless classic that combines romance, comedy, and drama with a heartwarming and poignant story about family, love, and healing? Its female characters are so lovable and relatable!", manga, u/fruitsbasketfan, Fruits Basket,1,1,1,1,0
"Just finished 'Banana Fish' and I'm blown away by its powerful and heartbreaking story about trauma, love, and the dark side of society. Its female characters are complex and brave, and the themes it explores are so relevant and important.", manga, u/bananafishfan, Banana Fish,1,1,1,1,0
Looking for manga that explore the challenges and triumphs of motherhood. Any recommendations?, manga, u/motherhoodmanga, motherhood,1,1,0,1,1
"Can we talk about how 'Chihayafuru' is a beautifully crafted and emotionally resonant story about passion, competition, and friendship, with a strong and determined female lead? It's a masterpiece of sports manga!", manga, u/chihayafurufan, Chihayafuru,1,1,0,0,0
"Just discovered 'The Promised Neverland' and I'm hooked by its thrilling and suspenseful story about survival, trust, and the fight against oppression. Its female characters are so smart and brave!", manga, u/thepromisedneverlandfan, The Promised Neverland,1,1,0,0,1
"Who else thinks that 'Kase-san' is a sweet and romantic manga that celebrates the joys and challenges of falling in love, with a relatable and lovable female couple? It's a must-read for anyone who loves yuri manga!", manga, u/kasesanfan, Kase-san,1,1,1,1,0
"I really enjoyed 'Paradise Kiss' for its unique and stylish take on the fashion world, as well as its exploration of identity, love, and creativity. Its female characters are so charismatic and inspiring!", manga, u/paradisekissfan, Paradise Kiss,1,1,1,1,1
"Can we talk about how 'Ao Haru Ride' is a poignant and heartfelt story about first love, second chances, and the bittersweetness of growing up, with a relatable and complex female lead? It's a rollercoaster of emotions!", manga, u/aoharufidefan, Ao Haru Ride,1,1,1,0,0
"Just finished 'A Bride's Story' and I'm in love with its beautiful and immersive depiction of historical Central Asia, as well as its tender and passionate romance between a young bride and her older husband. Its female characters are so strong and elegant!", manga, u/abridesstoryfan, A Bride's Story,1,1,1,1,1
Looking for manga that explore the challenges and joys of womanhood. Any recommendations?, manga, u/womanhoodmanga, womanhood,1,1,0,1,0
"Can we talk about how 'Skip to Loafer' is a delightful and heartwarming manga that celebrates the power of food, family, and community, with a lovable and talented female chef as its protagonist? It's a feast for the senses!", manga, u/skiptoloaferfan, Skip to Loafer,1,1,0,1,1
"Just discovered 'Gakuen Babysitters' and I'm loving how it blends comedy, drama, and cuteness overload with a caring and responsible teenage boy as its main character. Its female characters are so adorable and supportive!", manga, u/gakuenbabysittersfan, Gakuen Babysitters,1,1,0,1,0
"Just finished 'Orange' and I'm blown away by its touching and poignant story about regret, friendship, and second chances, with a relatable and courageous female lead. It's a must-read for anyone who loves emotional rollercoasters!", manga, u/orangefan, Orange,1,1,1,1,1
Looking for manga that explore the power and complexity of female friendship. Any recommendations?, manga, u/femalefriendshipmanga, female friendship,1,1,0,0,0
"Can we talk about how 'Sailor Moon' is a groundbreaking and iconic manga that revolutionized the magical girl genre, with a diverse and memorable cast of female characters who fight for justice, love, and sisterhood? It's a classic for a reason!", manga, u/sailormoonfan, Sailor Moon,1,0,1,1,1
"Just discovered 'Fruits Basket' and I'm in love with its heartwarming and charming story about family, healing, and the beauty of imperfection, with a sweet and empathetic female protagonist who touches the heart. Its female characters are so relatable and lovable!", manga, u/fruitsbasketfan, Fruits Basket,1,1,1,0,1
"Who else thinks that 'Nana' is a powerful and intense manga that explores the joys and struggles of music, friendship, and love, with two complex and charismatic female leads who chase their dreams in Tokyo? It's a masterpiece of shoujo manga!", manga, u/nanafan, Nana,1,1,1,1,1
"Just finished 'Love So Life' and I'm amazed by its heart-melting and adorable story about a young girl who becomes a nanny for twins and falls in love with their kind and handsome guardian, with a strong and nurturing female lead who shows how love can heal wounds. Its female characters are so cute and wholesome!", manga, u/lovesolifefan, Love So Life,1,0,1,0,1
Looking for manga that explore the challenges and rewards of being a working woman. Any recommendations?, manga, u/workingwomenmanga, working women,1,1,0,1,1
"Can we talk about how 'Kimi ni Todoke' is a touching and romantic manga that celebrates the beauty and power of kindness, with a shy and innocent female protagonist who learns to open her heart to love and friendship? It's a gem of shoujo manga!", manga, u/kiminitodokefan, Kimi ni Todoke,1,1,1,0,1
"Just discovered 'Honey and Clover' and I'm impressed by its poignant and realistic story about art, youth, and love, with a diverse and complex cast of characters who face the challenges of growing up and finding their place in the world. Its female characters are so unique and inspiring!", manga, u/honeyandcloverfan, Honey and Clover,1,1,1,0,1
"Who else thinks that 'Kamisama Kiss' is a fun and charming manga that blends romance, comedy, and mythology, with a spunky and lovable female protagonist who becomes a land god and falls in love with a fox spirit? It's a perfect read for anyone who loves supernatural romance!", manga, u/kamisamakissfan, Kamisama Kiss,1,1,1,0,0
Looking for manga that explore the challenges and triumphs of motherhood. Any recommendations?, manga, u/motherhoodmanga, motherhood,1,1,0,1,0
"Can we talk about how 'Kodocha' is a hilarious and heartwarming manga that follows the adventures of a child actress and her classmate, with a bold and energetic female protagonist who teaches the power of love and empathy? It's a classic of shoujo manga!", manga, u/kodochafan, Kodocha,1,1,1,0,0
"Just discovered 'Kakushigoto' and I'm impressed by its funny and bittersweet story about a manga artist who tries to keep his profession a secret from his daughter, with a warm and playful female lead who shows the joys and pains of family ties. Its female characters are so endearing and relatable!", manga, u/kakushigotofan, Kakushigoto,1,1,0,0,1
"Who else thinks that 'Maid-sama!' is a delightful and charming manga that subverts gender roles and celebrates the strength and intelligence of women, with a fierce and competent female protagonist who works as a maid to support her family and fights against sexism and prejudice? It's a gem of shoujo manga!", manga, u/maidsamafan, Maid-sama!,1,1,0,0,1
"Just finished 'My Love Story!!' and I'm swooning over its heartwarming and funny story about a gentle giant who falls in love with a shy and sweet girl, with a supportive and playful female cast who show the power of friendship and love. Its female characters are so lovely and heartwarming!", manga, u/mylovestoryfan, My Love Story!!,1,1,1,0,0
Looking for manga that explore the beauty and complexity of mother-daughter relationships. Any recommendations?, manga, u/motherdaughtermanga, mother-daughter relationships,1,1,0,0,0
"Can we talk about how 'Kare Kano' is a brilliant and realistic manga that deconstructs the tropes of shoujo manga and explores the challenges and rewards of teenage romance and identity, with a vulnerable and dynamic female protagonist who struggles with her past and her feelings? It's a masterpiece of shoujo manga!", manga, u/karekanofan, Kare Kano,1,1,1,0,1
"Just discovered 'Chihayafuru' and I'm amazed by its compelling and passionate story about a girl who loves playing a traditional card game and dreams of becoming the queen, with a determined and talented female lead who shows the beauty and depth of Japanese culture. Its female characters are so captivating and inspiring!", manga, u/chihayafurufan, Chihayafuru,1,1,1,1,1
"Who else thinks that 'O Maidens in Your Savage Season' is a bold and honest manga that explores the challenges and taboos of teenage sexuality and identity, with a diverse and complex female cast who navigate the joys and pains of growing up and discovering themselves? It's a must-read for anyone who wants to challenge their assumptions and prejudices!", manga, u/omaidensfan, O Maidens in Your Savage Season,1,0,0,0,1
"Just finished 'Kiss Him, Not Me!' and I'm obsessed with its hilarious and heartwarming story about a fujoshi who loses weight and gains the attention of four handsome boys, with a quirky and relatable female protagonist who explores the fantasies and realities of love and fandom. Its female characters are so fun and unique!", manga, u/kisshimnotmefan, Kiss Him Not Me!,1,1,1,0,0
"Just discovered 'Fruits Basket' and I'm in love with its touching and enchanting story about a girl who discovers the secret of a family cursed by the zodiac animals, with a kind and empathetic female lead who helps heal their wounds and find their true selves. Its female characters are so lovable and memorable!", manga, u/fruitsbasketfan, Fruits Basket,1,1,1,1,0
"Who else thinks that 'Nana' is a powerful and heartbreaking manga that portrays the trials and tribulations of two girls with the same name who pursue their dreams and face their demons in the vibrant world of music, with a fierce and vulnerable female cast who show the beauty and pain of friendship and love? It's a masterpiece of josei manga!", manga, u/nanafan, Nana,1,1,1,0,1
"Just finished 'Love So Life' and I'm touched by its heartwarming and cute story about a high school girl who works as a babysitter for twin toddlers and learns the joys and challenges of parenthood, with a kind and responsible female lead who shows the importance of family and kindness. Its female characters are so charming and wholesome!", manga, u/lovesolifefan, Love So Life,1,1,0,1,1
Looking for manga that explore the complexity and diversity of female sexuality and desire. Any recommendations?, manga, u/femalesexualitymanga, female sexuality,1,1,0,0,0
"Can we talk about how 'Kimi ni Todoke' is a sweet and gentle manga that captures the innocence and beauty of first love, with a shy and earnest female protagonist who learns to overcome her social anxiety and connect with others. Its female characters are so lovely and heartwarming!", manga, u/kiminitodokefan, Kimi ni Todoke,1,1,1,1,0
"Just discovered 'Kiss and Never Cry' and I'm impressed by its mature and realistic story about a figure skater who struggles with her past and her feelings, with a strong and resilient female lead who shows the power of determination and love. Its female characters are so complex and relatable!", manga, u/kissandnevercryfan, Kiss and Never Cry,1,1,1,0,0
"Who else thinks that 'Skip Beat!' is a hilarious and captivating manga that follows the journey of a girl who seeks revenge on her ex-boyfriend by becoming a successful actress and proving him wrong, with a fierce and talented female protagonist who learns the power of passion and perseverance? Its female characters are so dynamic and entertaining!", manga, u/skipbeatfan, Skip Beat!,1,1,0,0,0
"Just finished 'Honey and Clover' and I'm moved by its poignant and introspective story about a group of art students who navigate the challenges and joys of youth and creativity, with a sensitive and artistic female cast who explore the complexity and beauty of human emotions. Its female characters are so deep and soulful!", manga, u/honeyandcloverfan, Honey and Clover,1,0,1,1,1
Looking for manga that challenge gender norms and stereotypes in a positive and respectful way. Any recommendations?, manga, u/genderneutralmanga, gender norms,1,1,0,0,1
"Can we talk about how 'A Silent Voice' is a heartbreaking and poignant manga that deals with the themes of bullying and redemption, with a conflicted and remorseful female protagonist who seeks forgiveness and understanding. Its female characters are so raw and honest!", manga, u/asilentvoicefan, A Silent Voice,1,1,0,0,1
"Just finished 'Paradise Kiss' and I'm blown away by its stylish and sophisticated story about a high school girl who dreams of becoming a fashion designer and finds inspiration and love in a group of eccentric and talented artists, with a bold and confident female protagonist who shows the power of creativity and self-expression. Its female characters are so glamorous and empowering!", manga, u/paradisekissfan, Paradise Kiss,1,1,1,1,1
"Who else thinks that 'Kodomo no Omocha' is a hilarious and heartwarming manga that follows the adventures of a hyperactive and lovable child actress who strives to balance her career and her personal life, with a spunky and cheerful female lead who shows the importance of friendship and family? Its female characters are so energetic and charming!", manga, u/kodomo_no_omochafan, Kodomo no Omocha,1,1,0,0,1
"Just discovered 'Fushigi Yuugi' and I'm hooked by its epic and romantic story about a high school girl who is transported to a fantasy world inspired by ancient China and becomes the priestess of a powerful god, with a brave and passionate female protagonist who fights for her friends and her love. Its female characters are so diverse and engaging!", manga, u/fushigiyuugifan, Fushigi Yuugi,1,1,1,0,1
Looking for manga that explore the themes of motherhood and parenting in a nuanced and realistic way. Any recommendations?, manga, u/motherhoodmanga, motherhood,1,1,0,0,1
"Can we talk about how 'Kare Kano' is a beautiful and introspective manga that delves into the psychology and emotions of a high school girl who hides her true self behind a mask of perfection, with a vulnerable and sensitive female protagonist who learns to confront her fears and share her feelings. Its female characters are so complex and relatable!", manga, u/karekanofan, Kare Kano,1,1,0,0,0
"Just finished 'My Love Story!!' and I'm delighted by its heartwarming and hilarious story about a gentle giant who falls in love with a cute and kind girl, with a pure and innocent male protagonist who shows the power of unconditional love and respect. Its female characters are so adorable and endearing!", manga, u/mylovestoryfan, My Love Story!!,1,0,1,0,1
Looking for manga that deal with the themes of mental health and self-care from a female perspective. Any recommendations?, manga, u/mentalhealthmanga, mental health,1,1,0,1,0
"Can we talk about how 'Kimi no Na Wa' is a breathtaking and emotional manga that explores the themes of fate and connection through the story of two teenagers who swap bodies across time and space, with a poetic and romantic female lead who shows the beauty and fragility of human relationships. Its female characters are so poignant and unforgettable!", manga, u/kiminonawafan, Kimi no Na Wa,1,1,1,1,1
"Just discovered 'Nodame Cantabile' and I'm amazed by its charming and musical story about a prodigious pianist who falls in love with a messy and eccentric music student, with a quirky and talented female protagonist who shows the importance of passion and discipline. Its female characters are so delightful and entertaining!", manga, u/nodamecantabilefan, Nodame Cantabile,1,1,1,1,0
"Just finished 'Sakura Hime: The Legend of Princess Sakura' and I'm impressed by its enchanting and dramatic story about a princess who must face her destiny and her enemies in a world of magic and betrayal, with a brave and determined female lead who shows the power of love and loyalty. Its female characters are so captivating and intense!", manga, u/sakurahimefan, Sakura Hime,1,1,1,1,1
Looking for manga that address the themes of sexual identity and orientation with sensitivity and respect. Any recommendations?, manga, u/lgbtmanga, LGBTQ+,1,1,0,1,0
"Can we talk about how 'Kase-san and...' is a lovely and romantic manga that explores the themes of friendship and love between two girls in a high school setting, with a gentle and sincere female lead who shows the beauty and challenges of same-sex relationships. Its female characters are so tender and genuine!", manga, u/kasesanfan, Kase-san and...,1,1,1,1,0
"Just discovered 'Skip Beat!' and I'm addicted to its hilarious and dramatic story about a girl who seeks revenge against her ex-boyfriend by becoming a famous actress and proving him wrong, with a passionate and determined female protagonist who shows the importance of self-confidence and perseverance. Its female characters are so dynamic and charismatic!", manga, u/skipbeatfan, Skip Beat!,1,1,0,1,0
"Who else thinks that 'Oishinbo' is a fascinating and educational manga that explores the culture and history of Japanese cuisine, with a knowledgeable and curious female journalist who investigates the secrets and controversies of the food industry. Its female characters are so intelligent and insightful!", manga, u/oishinbofan, Oishinbo,1,1,0,0,0
"Can we appreciate the awesomeness of 'One Punch Man' and its epic story about a superpowered hero who defeats his enemies with a single punch, with a hilarious and charismatic male lead who shows the absurdity and excitement of the superhero genre. Its male characters are so badass and cool!", manga, u/onepunchfan, One Punch Man,0,0,0,1,1
"Just finished 'Vagabond' and I'm blown away by its breathtaking and realistic depiction of the life of Miyamoto Musashi, a legendary swordsman who seeks enlightenment and perfection through his battles and travels, with a complex and introspective male protagonist who shows the philosophy and psychology of the samurai culture. Its male characters are so deep and profound!", manga, u/vagabondfan, Vagabond,0,0,0,1,1
"Let's talk about 'Jojo's Bizarre Adventure' and its outrageous and creative story about a family of supernatural warriors who fight against evil forces and rival clans, with a flamboyant and charismatic male cast who show the power and diversity of masculinity. Its male characters are so stylish and eccentric!", manga, u/jojofan, Jojo's Bizarre Adventure,0,0,0,0,1
"Anyone else excited for the upcoming season of 'Attack on Titan' and its intense and thrilling story about a world where humanity is besieged by giant humanoid creatures, with a brave and determined male lead who fights against his own fears and doubts to save his people. Its male characters are so brave and heroic!", manga, u/aotfan, Attack on Titan,0,0,0,1,1
"Just discovered 'Berserk' and I'm amazed by its dark and violent story about a mercenary named Guts who seeks revenge against his former friend and leader Griffith, with a brutal and ruthless male protagonist who shows the ugliness and tragedy of human nature. Its male characters are so gritty and visceral!", manga, u/berserkfan, Berserk,0,1,0,1,1
"Let's appreciate 'Fullmetal Alchemist' and its epic and emotional story about two brothers who search for the Philosopher's Stone to restore their bodies and uncover the secrets of alchemy, with a brave and compassionate male cast who show the value and power of friendship and sacrifice. Its male characters are so lovable and inspiring!", manga, u/fmabfan, Fullmetal Alchemist,0,0,0,0,1
"I'm hooked on 'Hunter x Hunter' and its intricate and imaginative story about a young boy named Gon who wants to become a hunter to find his father and explore the world, with a diverse and dynamic male cast who show the complexity and depth of human relationships and conflicts. Its male characters are so fascinating and engaging!", manga, u/hxhfan, Hunter x Hunter,0,0,0,0,1
"Let's discuss 'Naruto' and its iconic and inspiring story about a young ninja named Naruto who dreams of becoming the strongest and most respected ninja in his village, with a determined and passionate male lead who overcomes his own limitations and enemies to become a hero. Its male characters are so colorful and iconic!", manga, u/narutofan, Naruto,0,0,0,1,0
"Who else loves 'Death Note' and its thrilling and mind-bending story about a high school student named Light who finds a supernatural notebook that allows him to kill anyone whose name he writes in it, with a brilliant and manipulative male protagonist who challenges the morality and justice of the law. Its male characters are so intellectual and cunning!", manga, u/deathnotefan, Death Note,0,0,1,1,1
"I'm blown away by 'One Piece' and its vast and adventurous story about a young pirate named Luffy who assembles a crew of diverse and quirky individuals to search for the ultimate treasure and become the Pirate King, with a hilarious and charming male cast who show the power and spirit of freedom and adventure. Its male characters are so fun and lovable!", manga, u/onepiecefan, One Piece,0,0,0,0,1
"Let's appreciate 'Dragon Ball' and its iconic and legendary story about a young warrior named Goku who fights against powerful and evil foes to protect his friends and the world, with a pure-hearted and energetic male protagonist who embodies the values and virtues of martial arts and heroism. Its male characters are so legendary and iconic!", manga, u/dragonballfan, Dragon Ball,0,0,0,0,1
"I'm obsessed with 'My Hero Academia' and its thrilling and inspiring story about a boy named Midoriya who dreams of becoming a hero in a world where most people have superpowers, with a diverse and passionate male cast who show the challenges and rewards of heroism and mentorship. Its male characters are so cool and inspiring!", manga, u/mhafan, My Hero Academia,0,0,0,0,1
"Let's talk about 'Demon Slayer' and its breathtaking and heartbreaking story about a young boy named Tanjiro who becomes a demon slayer to avenge his family and save his sister, with a courageous and empathetic male protagonist who fights against his own despair and guilt to protect his loved ones. Its male characters are so tragic and heroic!", manga, u/demonslayerfan, Demon Slayer,0,0,1,0,1
"I'm blown away by 'Bleach' and its epic and mystical story about a high school student named Ichigo who becomes a soul reaper to save his family and friends from evil spirits and supernatural threats, with a charismatic and powerful male lead who shows the balance and diversity of spiritual power and personality. Its male characters are so badass and stylish!", manga, u/bleach, Bleach,0,0,0,0,0
"The world of 'Fullmetal Alchemist' is full of magic, alchemy, and political intrigue, with a brilliant and resourceful male protagonist who battles corrupt governments and evil alchemists to restore balance and peace. Its male characters are so complex and inspiring!", manga, u/fullmetalalchemistfan, Fullmetal Alchemist,0,0,0,0,1
"'One Piece' is a masterpiece of adventure and friendship, with a lovable and determined male pirate captain who explores a vast and dangerous world of pirates, sea monsters, and ancient treasures, with his loyal and quirky crewmates who fight against tyrannical rulers and monstrous creatures. Its male characters are so charismatic and hilarious!", manga, u/onepiecefan, One Piece,0,0,0,0,1
"'Naruto' is a classic tale of ninja power and destiny, with a determined and loyal male ninja who seeks recognition and strength to protect his village and his loved ones, with his diverse and powerful allies who face the challenges of war and betrayal. Its male characters are so heroic and passionate!", manga, u/narutofan, Naruto,0,0,1,0,1
"'Berserk' is a dark and intense epic of medieval fantasy and horror, with a haunted and ruthless male warrior who seeks revenge and redemption against demonic forces and human cruelty, with his tragic and fierce comrades who face the brutal and twisted world of mercenaries and nobles. Its male characters are so tragic and brutal!", manga, u/berserkfan, Berserk,0,0,0,0,1
"'Vagabond' is a stunning and philosophical epic of samurai honor and identity, with a legendary and conflicted male swordsman who struggles to find purpose and enlightenment in a violent and chaotic world, with his wise and dangerous rivals who challenge his beliefs and skills. Its male characters are so profound and beautiful!", manga, u/vagabondfan, Vagabond,0,0,0,1,1
"'Vinland Saga' is a captivating and emotional saga of Viking conquest and redemption, with a complex and tormented male warrior who seeks revenge and peace in a changing and dangerous world, with his loyal and honorable comrades who struggle to find their place and meaning. Its male characters are so tragic and powerful!", manga, u/vinlandsagafan, Vinland Saga,0,0,0,1,1
"'Goblin Slayer' is a gritty and brutal tale of fantasy adventure and survival, with a stoic and ruthless male adventurer who hunts down goblins and other monsters to protect innocent people, with his diverse and troubled allies who face the horrors of war and trauma. Its male characters are so merciless and desperate!", manga, u/goblinslayerfan, Goblin Slayer,0,0,0,0,1
"'Dr. Stone' is a fascinating and educational tale of science and survival, with a genius and eccentric male scientist who awakens in a world where all humans have been turned to stone, with his curious and brave allies who explore the mysteries and wonders of the new world. Its male characters are so curious and inventive!", manga, u/drstonefan, Dr. Stone,0,0,0,1,1
"'Jujutsu Kaisen' is a thrilling and supernatural story of exorcism and destiny, with a reluctant and powerful male sorcerer who fights against cursed spirits and evil sorcerers to protect innocent people, with his unpredictable and charming comrades who face the challenges of fear and desire. Its male characters are so dynamic and exciting!", manga, u/jujutsukaisenfan, Jujutsu Kaisen,0,0,0,0,1
"The 'One Piece' manga is a masterpiece with its exciting and adventurous story about a young pirate named Monkey D. Luffy who sets out to find the legendary treasure 'One Piece' and become the Pirate King, with a diverse and strong male cast who demonstrate the power of friendship, perseverance, and determination. Its male characters are so charismatic and inspiring!", manga, u/onepiecefan, One Piece,0,0,0,0,1
"I'm hooked on 'Fullmetal Alchemist' and its brilliant and thought-provoking story about two brothers, Edward and Alphonse, who use alchemy to search for the philosopher's stone and restore their bodies, with a brave and selfless male protagonist who challenges the laws of nature and fights against corrupt government and military forces. Its male characters are so intelligent and noble!", manga, u/fmabfan, Fullmetal Alchemist,0,0,0,0,0
"'Naruto' is a classic manga that has touched the hearts of millions with its inspiring and emotional story about a young ninja named Naruto who dreams of becoming the Hokage, the leader of his village, with a resilient and passionate male lead who never gives up and fights for his beliefs and friends. Its male characters are so loyal and determined!", manga, u/narutofan, Naruto,0,0,0,1,1
"I'm amazed by 'Vinland Saga' and its epic and realistic story about a young Viking named Thorfinn who seeks revenge against his father's killer and discovers the true meaning of strength and honor, with a complex and compelling male protagonist who confronts the brutality and futility of war and violence. Its male characters are so fierce and introspective!", manga, u/vinlandsagafan, Vinland Saga,0,0,0,0,1
"'Fist of the North Star' is a legendary manga that has influenced many action and martial arts stories with its post-apocalyptic and violent story about a martial artist named Kenshiro who fights against tyrannical warlords and gangs to restore justice and peace, with a stoic and powerful male lead who demonstrates the art of Hokuto Shinken and the value of humanity. Its male characters are so brutal and honorable!", manga, u/fotnsfan, Fist of the North Star,0,1,0,0,1
"I can't get enough of 'Gintama' and its hilarious and heartwarming story about a samurai named Gintoki who runs a freelance odd-jobs business in a futuristic and chaotic Japan, with a witty and sarcastic male protagonist who parodies and pays homage to various manga, anime, and pop culture references. Its male characters are so quirky and entertaining!", manga, u/gintamafan, Gintama,0,0,0,1,1
"'Jojo's Bizarre Adventure' is a wild and creative manga that features different generations of the Joestar family and their bizarre and supernatural battles against various enemies, with a unique and stylish male cast who showcase their distinct personalities, powers, and fashion. Its male characters are so fabulous and iconic!", manga, u/jojofan, Jojo's Bizarre Adventure,0,0,0,1,0
"I'm in awe of 'Berserk' and its dark and mature story about a mercenary named Guts who struggles to survive and seek revenge in a medieval and demonic world, with a tragic and complex male lead who faces the horrors of war, betrayal, and despair. Its male characters are so brutal and tragic!", manga, u/berserkfan, Berserk,0,0,0,1,1
"Discover the epic world of 'Fullmetal Alchemist' and follow the journey of two brothers who search for the Philosopher's Stone to restore their bodies, with a complex and driven male lead who seeks redemption and atonement. Its male characters are so layered and profound!", manga, u/fullmetalalchemistfan, Fullmetal Alchemist,0,0,0,1,1
"I am fascinated by 'Naruto' and its epic tale of a young ninja who strives to become the strongest Hokage, with a charismatic and determined male protagonist who overcomes his inner demons and fights for his village. Its male characters are so diverse and inspiring!", manga, u/narutofan, Naruto,0,0,0,0,1
"Get ready for the adventure of a lifetime with 'One Piece', a pirate-themed manga about a young boy who sets sail to find the ultimate treasure, with a quirky and resilient male lead who never gives up on his dreams. Its male characters are so funny and memorable!", manga, u/onepiecefan, One Piece,0,0,0,1,1
"Experience the epic battle between humans and demons in 'Kimetsu no Yaiba', a thrilling and emotional story about a young boy who becomes a demon slayer to save his sister and avenge his family, with a tenacious and empathetic male protagonist who fights for justice and humanity. Its male characters are so powerful and honorable!", manga, u/kimetsunoyaibafan, Kimetsu no Yaiba,0,0,0,0,1
"Join the adventures of 'Black Clover', a magical and action-packed manga about a young orphan who dreams of becoming the Wizard King, with a persistent and determined male lead who never gives up on his friends and ideals. Its male characters are so supportive and loyal!", manga, u/blackcloverfan, Black Clover,0,0,1,0,1
"Discover the dark and intricate world of 'Tokyo Ghoul', a horror-themed manga about a young man who becomes a half-ghoul after a fateful encounter, with a complex and tortured male protagonist who struggles to find his place in society. Its male characters are so tragic and conflicted!", manga, u/tokyoghoulfan, Tokyo Ghoul,0,1,0,1,0
"Experience the epic journey of 'Dragon Ball', a martial arts-themed manga about a young warrior who trains to become the strongest fighter in the world, with a tenacious and confident male lead who overcomes impossible odds and defeats powerful enemies. Its male characters are so iconic and legendary!", manga, u/dragonballfan, Dragon Ball,0,0,0,1,1
"Join the battle against evil in 'Jojo's Bizarre Adventure', a supernatural and action-packed manga about a family with a powerful and mysterious lineage, with a charismatic and stylish male lead who uses his wits and strength to defeat his enemies. Its male characters are so unique and memorable!", manga, u/jojofan, Jojo's Bizarre Adventure,0,0,0,0,1
"Discover the legendary hero of 'Gintama', a sci-fi and comedy-themed manga about a former samurai who works as a freelancer in a world where aliens have invaded Japan, with a witty and resourceful male protagonist who defends his ideals and friends. Its male characters are so funny and charming!", manga, u/gintamafan, Gintama,0,0,0,1,1
"I'm really enjoying 'Vinland Saga' and its epic tale of a young Viking named Thorfinn who seeks revenge against the man who killed his father, with a complex and layered portrayal of male characters who struggle with their past and present actions. Its male characters are so intriguing and thought-provoking!", manga, u/vinlandsagafan, Vinland Saga,0,0,0,1,1
"I'm hooked on 'Fullmetal Alchemist' and its captivating and philosophical story about two brothers who use alchemy to find the Philosopher's Stone and restore their bodies, with a touching and inspiring male bond that shows the power of love and sacrifice. Its male characters are so relatable and engaging!", manga, u/fmabfan, Fullmetal Alchemist,0,0,1,0,1
"I can't get enough of 'Jojo's Bizarre Adventure' and its wild and eccentric story about multiple generations of the Joestar family and their battles against supernatural foes, with a diverse and eclectic cast of male characters who showcase their unique strengths and quirks. Its male characters are so entertaining and memorable!", manga, u/jojofan, Jojo's Bizarre Adventure,0,0,0,1,1
"I'm blown away by 'One Punch Man' and its hilarious and action-packed story about a hero named Saitama who can defeat any enemy with a single punch, with a satirical and self-aware take on superhero tropes and a diverse and dynamic male cast who showcase their strengths and weaknesses. Its male characters are so funny and badass!", manga, u/onepunchmanfan, One Punch Man,0,0,0,1,0
"I'm obsessed with 'Hunter x Hunter' and its intricate and unpredictable story about a young boy named Gon who dreams of becoming a hunter and finding his missing father, with a diverse and compelling male cast who face numerous challenges and moral dilemmas. Its male characters are so intelligent and complex!", manga, u/hxhfan, Hunter x Hunter,0,0,0,0,1
"I'm loving 'Fist of the North Star' and its brutal and post-apocalyptic story about a martial artist named Kenshiro who fights against numerous warlords and bandits to protect the innocent, with a tough and stoic male lead who shows his humanity and compassion. Its male characters are so tough and badass!", manga, u/fotnsfan, Fist of the North Star,0,0,0,0,1
"I'm impressed by 'Gintama' and its hilarious and heartwarming story about a group of odd-jobs workers who navigate a sci-fi and samurai-inspired world, with a diverse and wacky male cast who parody and celebrate Japanese culture. Its male characters are so quirky and lovable!", manga, u/gintamafan, Gintama,0,0,0,1,1
"I'm fascinated by 'Berserk' and its dark and gritty story about a mercenary named Guts who battles demonic creatures and corrupt leaders in a medieval-inspired world, with a complex and tragic male protagonist who faces numerous psychological and physical trials. Its male characters are so tortured and powerful!", manga, u/berserkfan, Berserk,0,0,0,1,1
"I'm amazed by 'Naruto' and its epic and emotional story about a young ninja named Naruto who wants to become the Hokage and earn the respect of his peers and elders, with a diverse and supportive male cast who help him achieve his goals. Its male characters are so loyal and inspiring!", manga, u/narutofan, Naruto,0,0,0,0,1
"I am absolutely hooked on 'Vinland Saga' and its gripping and emotional story about a young Viking named Thorfinn who seeks revenge against the man who killed his father, with a complex and morally ambiguous male protagonist who struggles with his desire for violence and his search for redemption. Its male characters are so strong and conflicted!", manga, u/vinlandsagafan, Vinland Saga,0,0,0,1,1
"I can't get enough of 'Fist of the North Star' and its classic and action-packed story about a martial artist named Kenshiro who roams a post-apocalyptic wasteland, using his incredible strength and martial arts skills to protect the innocent and defeat his enemies. Its male characters are so powerful and honorable!", manga, u/fistofthenorthstar, Fist of the North Star,0,0,0,0,1
"I'm blown away by 'Fullmetal Alchemist' and its epic and philosophical story about two brothers named Edward and Alphonse who seek the Philosopher's Stone to restore their bodies after a failed attempt at human transmutation, with a mature and introspective male protagonist who questions the nature of power and sacrifice. Its male characters are so complex and thought-provoking!", manga, u/fullmetalalchemistfan, Fullmetal Alchemist,0,0,0,1,1
"I'm obsessed with 'Gintama' and its hilarious and absurd story about a samurai named Gintoki who runs a freelance odd-jobs business in a world where aliens have taken over Japan, with a witty and sarcastic male lead who uses his intelligence and humor to navigate life's challenges. Its male characters are so funny and unpredictable!", manga, u/gintamafan, Gintama,0,0,0,1,1
"I can't get enough of 'One Punch Man' and its hilarious and action-packed story about a hero named Saitama who can defeat any enemy with a single punch, with a humble and unassuming male lead who struggles with his lack of challenge and recognition. Its male characters are so over-the-top and entertaining!", manga, u/onepunchmanfan, One Punch Man,0,0,0,0,1
"I'm blown away by 'Jojo's Bizarre Adventure' and its wild and creative story about a family of heroes named Joestars who fight against supernatural enemies using their unique and bizarre powers, with a colorful and stylish male cast who exude confidence and flair. Its male characters are so fashionable and eccentric!", manga, u/jojosbizarreadventure, Jojo's Bizarre Adventure,0,0,0,0,1
"I'm absolutely hooked on 'Naruto' and its epic and emotional story about a young ninja named Naruto who dreams of becoming Hokage and earning the respect of his village, with a determined and passionate male lead who never gives up on his goals. Its male characters are so loyal and inspiring!", manga, u/narutofan, Naruto,0,0,0,1,1
"I can't get enough of 'One Piece' and its grand and adventurous story about a pirate named Monkey D. Luffy who sets out to find the ultimate treasure, the One Piece, with a bold and fearless male protagonist who values his friends above all else. Its male characters are so diverse and captivating!", manga, u/onepiecefan, One Piece,0,0,0,1,1
"Let's talk about 'One Punch Man' and its hilarious and action-packed story about a hero named Saitama who can defeat any opponent with a single punch, with a relatable and humble male protagonist who seeks to find a worthy opponent and overcome his boredom. Its male characters are so diverse and entertaining!", manga, u/onepunchmanfan, One Punch Man,0,0,0,1,1
"I'm amazed by 'Fullmetal Alchemist' and its complex and emotional story about two brothers named Edward and Alphonse who use alchemy to search for the Philosopher's Stone and restore their bodies, with a passionate and intelligent male lead who struggles with the consequences of his actions and beliefs. Its male characters are so nuanced and thought-provoking!", manga, u/fullmetalalchemistfan, Fullmetal Alchemist,0,0,0,1,1
"I'm hooked on 'Naruto' and its epic and inspiring story about a young ninja named Naruto who dreams of becoming Hokage and earning the respect and recognition of his village, with a determined and optimistic male protagonist who overcomes adversity and learns the value of teamwork and compassion. Its male characters are so diverse and interesting!", manga, u/narutofan, Naruto,0,0,0,0,1
"I'm obsessed with 'Dragon Ball' and its iconic and influential story about a warrior named Goku who trains and battles against powerful foes to protect the Earth and his loved ones, with a fearless and honorable male lead who embodies the values of perseverance and strength. Its male characters are so legendary and memorable!", manga, u/dragonballfan, Dragon Ball,0,0,1,0,0
"I'm blown away by 'One Piece' and its expansive and emotional story about a pirate named Luffy who searches for the ultimate treasure and forms a diverse and loyal crew, with a charismatic and determined male protagonist who fights against injustice and tyranny. Its male characters are so vibrant and unique!", manga, u/onepiecefan, One Piece,0,0,0,1,1
"I'm captivated by 'Hunter x Hunter' and its intricate and thrilling story about a young boy named Gon who aspires to become a hunter and discover the truth about his absent father, with a curious and adaptable male lead who faces complex moral and ethical dilemmas. Its male characters are so complex and intriguing!", manga, u/hunterxhunterfan, Hunter x Hunter,0,0,0,1,1
"I'm impressed by 'Jojo's Bizarre Adventure' and its surreal and flamboyant story about a family with supernatural abilities and their battles against evil forces, with a confident and stylish male lead who showcases the power and creativity of their abilities. Its male characters are so over-the-top and entertaining!", manga, u/jojofan, Jojo's Bizarre Adventure,0,0,0,0,1
"I'm in awe of 'Vinland Saga' and its historical and visceral story about a young warrior named Thorfinn who seeks revenge against the man who killed his father and learns the value of peace and love, with a ruthless and conflicted male protagonist who faces the brutality and consequences of his actions. Its male characters are so complex and realistic!", manga, u/vinlandsagafan, Vinland Saga,0,0,1,0,1
"I'm addicted to 'Black Clover' and its fast-paced and magical story about a boy named Asta who aims to become the Wizard King and overcome his lack of magical abilities, with a determined and passionate male lead who shows the power and versatility of teamwork and hard work. Its male characters are so diverse and inspiring!", manga, u/blackcloverfan, Black Clover,0,0,1,1,1
"I am captivated by 'Fullmetal Alchemist' and its captivating story about two brothers who use alchemy to search for the Philosopher's Stone and restore their bodies, with a determined and compassionate male lead who learns the true cost of power and sacrifice. Its male characters are so complex and relatable!", manga, u/fullmetalalchemistfan, Fullmetal Alchemist,0,0,0,1,1
"I am blown away by 'One Piece' and its epic and adventurous story about a young pirate named Monkey D. Luffy who sets sail to find the One Piece treasure and become the Pirate King, with a determined and fearless male protagonist who fights against oppression and tyranny. Its male characters are so diverse and inspiring!", manga, u/onepiecefan, One Piece,0,0,0,0,1
"I am obsessed with 'Naruto' and its emotional and inspiring story about a young ninja named Naruto Uzumaki who dreams of becoming the Hokage and earning the respect of his village, with a determined and passionate male lead who overcomes prejudice and adversity. Its male characters are so loyal and powerful!", manga, u/narutofan, Naruto,0,0,0,0,1
"I am in awe of 'Jojo's Bizarre Adventure' and its wild and entertaining story about the Joestar family's generations-long battle against supernatural villains, with a variety of unique and charismatic male protagonists who embody different types of strength and courage. Its male characters are so eccentric and cool!", manga, u/jojofan, Jojo's Bizarre Adventure,0,0,0,0,1
"I am hooked on 'Black Clover' and its exciting and uplifting story about two orphan boys named Asta and Yuno who aspire to become the Wizard King and prove their worth, with a determined and hardworking male lead who never gives up on his dreams. Its male characters are so supportive and inspiring!", manga, u/blackcloverfan, Black Clover,0,0,1,0,1
"I am fascinated by 'Vinland Saga' and its historical and dramatic story about a young Viking named Thorfinn who seeks revenge against his father's killer, with a determined and conflicted male protagonist who grapples with the meaning of honor and violence. Its male characters are so complex and realistic!", manga, u/vinlandsagafan, Vinland Saga,0,0,0,0,0
"I am captivated by 'Fairy Tail' and its magical and adventurous story about a guild of wizards who go on quests and battle dark forces, with a determined and charismatic male lead who values friendship and family. Its male characters are so diverse and lovable!", manga, u/fairytailfan, Fairy Tail,0,0,0,1,1
"I am blown away by 'Hunter x Hunter' and its intricate and exciting story about a young boy named Gon Freecss who wants to become a Hunter and find his missing father, with a determined and curious male protagonist who learns about the dark side of power and ambition. Its male characters are so complex and fascinating!", manga, u/hunterxhunterfan, Hunter x Hunter,0,0,0,1,0
"I am obsessed with 'Death Note' and its dark and suspenseful story about a high school student named Light Yagami who discovers a supernatural notebook that allows him to kill anyone whose name he writes in it, with a determined and manipulative male lead who seeks to create a perfect world. Its male characters are so intelligent and ruthless!", manga, u/deathnotefan, Death Note,0,0,0,1,0
"If you're looking for an epic adventure filled with powerful and diverse male characters, 'One Piece' is the manga for you! Follow Monkey D. Luffy and his crew as they search for the ultimate treasure in a world of danger and adventure. Its male characters are so inspiring and lovable!", manga, u/onepiecefan, One Piece,0,0,0,1,1
"I'm obsessed with the intense and emotional story of 'Your Lie in April' about a young pianist named Kosei who lost his ability to hear the music after the death of his mother, with a male lead who learns to heal and love again through music and friendship. Its male characters are so complex and relatable!", manga, u/yourlieinapril, Your Lie in April,0,0,1,1,1
"If you're a fan of supernatural and action-packed stories, 'Tokyo Ghoul' is a must-read manga! Follow Ken Kaneki as he struggles to navigate a world of ghouls and humans, with a male lead who battles his own identity and morality. Its male characters are so badass and mysterious!", manga, u/tokyoghoulfan, Tokyo Ghoul,0,0,0,0,1
"If you're into sports and drama, 'Haikyu!!' is the perfect manga for you! Follow Shoyo Hinata as he joins his high school volleyball team and aims to become the best, with a male lead who learns the importance of teamwork and perseverance. Its male characters are so energetic and charismatic!", manga, u/haikyufan, Haikyu!!,0,0,0,0,1
"I can't stop reading 'Death Note' and its intense battle of wits between a high school student named Light and a genius detective named L, with a male lead who seeks to create a utopia through his god complex. Its male characters are so smart and unpredictable!", manga, u/deathnotefan, Death Note,0,0,0,0,1
"If you're looking for a heartwarming and wholesome story, 'Barakamon' is the manga for you! Follow calligrapher Seishuu Handa as he moves to a rural island and learns to appreciate life and art, with a male lead who grows through his interactions with the islanders. Its male characters are so charming and funny!", manga, u/barakamonfan, Barakamon,0,0,0,0,1
"I'm blown away by the beautiful and thought-provoking story of 'A Silent Voice' about a former bully named Shoya who seeks redemption and friendship with a deaf girl named Shoko, with a male lead who learns the value of empathy and forgiveness. Its male characters are so emotional and realistic!", manga, u/asilentvoicefan, A Silent Voice,0,0,0,1,1
"If you're a fan of science fiction and time travel, 'Steins;Gate' is a must-read manga! Follow self-proclaimed mad scientist Rintaro Okabe as he tries to prevent a dystopian future, with a male lead who faces the consequences of his choices. Its male characters are so intriguing and unique!", manga, u/steinsgatefan, Steins;Gate,0,0,0,1,1
"If you're into horror and mystery, 'Uzumaki' is the perfect manga for you! Follow Kirie Goshima and her boyfriend Shuichi Saito as they uncover the secrets of their cursed town, with a male lead who faces his own fears and obsessions. Its male characters are so creepy and unsettling!", manga, u/uzumakifan, A Silent Voice,0,0,0,0,1
"I can't get enough of 'One Piece' and its epic and sprawling story about a young pirate named Luffy who sets out to find the world's greatest treasure, with a determined and charismatic male protagonist who fights against powerful enemies and makes friends along the way. Its male characters are so fearless and inspiring!", manga, u/onepiecefan, One Piece,0,0,0,0,1
"I'm completely hooked on 'Naruto' and its heartwarming and action-packed story about a young ninja named Naruto who dreams of becoming the strongest in his village, with a passionate and determined male lead who never gives up on his friends and ideals. Its male characters are so dynamic and exciting!", manga, u/narutofan, Naruto,0,0,0,1,1
"'Dragon Ball' is a classic for a reason, with its timeless and thrilling story about a young warrior named Goku who travels the world to find the Dragon Balls and defend against powerful enemies, with a determined and pure-hearted male lead who inspires us all. Its male characters are so legendary and unforgettable!", manga, u/dragonballfan, Dragon Ball,0,0,0,1,1
"I am in awe of 'Fullmetal Alchemist' and its poignant and complex story about two brothers named Edward and Alphonse who use alchemy to try and bring their deceased mother back to life, with a brave and selfless male protagonist who learns the true meaning of sacrifice and redemption. Its male characters are so multifaceted and captivating!", manga, u/fullmetalalchemistfan, Fullmetal Alchemist,0,0,0,0,1
"I'm obsessed with 'Jojo's Bizarre Adventure' and its wild and stylish story about the Joestar family and their battles against supernatural forces across generations, with a diverse and charismatic male cast who showcase the power and creativity of the human spirit. Its male characters are so eccentric and entertaining!", manga, u/jojosbizarreadventurefan, Jojo's Bizarre Adventure,0,0,0,1,1
"'Berserk' is not for the faint of heart, but it is a masterpiece of dark fantasy and epic storytelling, with a relentless and tragic male protagonist named Guts who struggles against demons and corrupt humanity, with a fierce and uncompromising spirit that inspires and terrifies. Its male characters are so haunting and unforgettable!", manga, u/berserkfan, Berserk,0,0,0,1,1
"I'm blown away by 'Vinland Saga' and its historical and intense story about a young warrior named Thorfinn who seeks revenge against his father's killer, with a complex and conflicted male lead who confronts the brutal reality of war and the power of compassion. Its male characters are so nuanced and powerful!", manga, u/vinlandsagafan, Vinland Saga,0,0,0,1,0
"'Hunter x Hunter' is a work of genius, with its intricate and thrilling story about a young boy named Gon who aspires to become a hunter like his father, with a diverse and fascinating male cast who challenge our assumptions about power and morality. Its male characters are so fascinating and thought-provoking!", manga, u/hunterxhunterfan, Hunter x Hunter,0,0,0,1,1
"I'm in love with 'My Hero Academia' and its thrilling and inspiring story about a boy named Midoriya who dreams of becoming a hero in a world where most people have superpowers, with a diverse and passionate male cast who show the challenges and rewards of heroism and mentorship. Its male characters are so cool and inspiring!", manga, u/mhafan, My Hero Academia,0,0,1,1,1
"The world-building in 'One Piece' is incredible, with a diverse and determined male protagonist named Luffy who sets out to become the Pirate King and find the ultimate treasure, the One Piece. Its male characters are so intriguing and have unique strengths and personalities!", manga, u/onepiecefan, One Piece,0,0,0,0,1
"I'm loving 'Jujutsu Kaisen' and its gripping story about a group of sorcerers fighting against cursed spirits to save the world, with a talented and witty male protagonist who learns to harness his own cursed energy. Its male characters are so powerful and dynamic!", manga, u/jjkfan, Jujutsu Kaisen,0,0,0,0,0
"I'm blown away by the storytelling in 'Fullmetal Alchemist' and its heart-wrenching tale of two brothers who use alchemy to search for a way to restore their bodies, with a determined and empathetic male lead who sacrifices everything to save his brother. Its male characters are so complex and morally gray!", manga, u/fullmetalalchemistfan, Fullmetal Alchemist,0,0,0,1,1
"I'm obsessed with 'Naruto' and its epic and emotional story about a young ninja named Naruto who dreams of becoming the Hokage and earning the respect of his village, with a resilient and passionate male protagonist who never gives up. Its male characters are so diverse and have unique fighting styles!", manga, u/narutofan, Naruto,0,0,0,1,1
"I can't get enough of 'Hunter x Hunter' and its thrilling and thought-provoking story about a young boy named Gon who sets out to become a hunter like his father, with a curious and adventurous male lead who faces intense challenges and learns important life lessons. Its male characters are so multifaceted and intriguing!", manga, u/hunterxhunterfan, Hunter x Hunter,0,0,0,0,1
"The 'One Piece' manga is a masterpiece of adventure, with a cast of memorable and powerful male characters who go on a quest to find the ultimate treasure, the One Piece, with their captain Luffy leading the way with his indomitable spirit and unbreakable will. Its male characters are so inspiring and unique!", manga, u/onepiecefan, One Piece,0,0,0,1,1
"'Fist of the North Star' is a legendary manga about a post-apocalyptic world where martial arts reign supreme, with a protagonist named Kenshiro who seeks revenge and justice for his friends and loved ones against the brutal and oppressive tyrants who rule over the wasteland. Its male characters are so tough and honorable!", manga, u/fistofthenorthstarfan, Fist of the North Star,0,0,1,0,1
"I'm obsessed with 'Naruto' and its epic and emotional story about a young ninja named Naruto who dreams of becoming the strongest and most respected warrior in his village, with a huge and diverse cast of male characters who show the power and complexity of bonds and rivalries. Its male characters are so relatable and inspiring!", manga, u/narutofan, Naruto,0,0,0,0,1
"'Dragon Ball' is a classic manga about a young warrior named Goku who goes on a journey of self-discovery and combat against powerful villains, with a colorful and diverse male cast who demonstrate the strength and wisdom of martial arts and teamwork. Its male characters are so iconic and influential!", manga, u/dragonballfan, Dragon Ball,0,0,0,0,1
"I'm blown away by 'Gantz' and its intense and unpredictable story about a group of people who are resurrected by a mysterious black sphere and forced to participate in deadly missions against alien monsters, with a raw and gritty male cast who face their own fears and desires in a brutal and nihilistic world. Its male characters are so complex and fascinating!", manga, u/gantzfan, Gantz,0,0,0,0,1
"The 'JoJo's Bizarre Adventure' manga is a wild and creative ride through different eras and dimensions, with a family of male characters who inherit the power of the Joestar bloodline and fight against supernatural threats and evil conspiracies, with their unique and flamboyant personalities and abilities. Its male characters are so stylish and entertaining!", manga, u/jojofan, JoJo's Bizarre Adventure,0,0,0,1,1
"I am in love with 'Vagabond' and its beautiful and profound story about a legendary swordsman named Miyamoto Musashi who seeks enlightenment and purpose in a chaotic and violent feudal Japan, with a powerful and introspective male protagonist who faces his own demons and ideals in a world of constant struggle. Its male characters are so poetic and inspiring!", manga, u/vagabondfan, Vagabond,0,0,1,0,1
"'Fullmetal Alchemist' is a masterpiece of storytelling and world-building, with a pair of brothers named Edward and Alphonse Elric who use the power of alchemy to find a way to restore their bodies and uncover the secrets of their world, with a diverse and complex male cast who question the nature of power and knowledge. Its male characters are so deep and unforgettable!", manga, u/fullmetalalchemistfan, Fullmetal Alchemist,0,0,0,0,1
"The samurai epic 'Vagabond' tells the story of Miyamoto Musashi, one of the most legendary swordsmen in Japanese history, with a raw and realistic portrayal of his struggles and triumphs in a violent and chaotic era. Its male characters are so complex and fascinating!", manga, u/vagabondfan, Vagabond,0,0,0,1,1
"'One Piece' is a sprawling and imaginative adventure about a boy named Luffy and his crew of pirates, searching for the legendary treasure known as the One Piece, with a charismatic and fearless male lead who inspires his friends and foes alike. Its male characters are so fun and unpredictable!", manga, u/onepiecefan, One Piece,0,0,0,0,1
"The supernatural thriller 'Death Note' follows the battle of wits between two genius students, Light and L, over the power to kill anyone whose name is written in the titular notebook, with a twisted and intense male rivalry that challenges morality and justice. Its male characters are so clever and devious!", manga, u/deathnotefan, Death Note,0,0,0,0,0
"'Vinland Saga' is a historical drama about a young Viking named Thorfinn, seeking revenge against his father's killer and discovering the horrors of war and the beauty of peace, with a vulnerable and determined male protagonist who finds his true strength in compassion and forgiveness. Its male characters are so brave and humane!", manga, u/vinlandsagafan, Vinland Saga,0,0,0,1,1
"I'm obsessed with 'Fullmetal Alchemist' and its alchemical adventures of two brothers, Edward and Alphonse, searching for the Philosopher's Stone to restore their bodies and uncover a vast conspiracy, with a mature and emotional male narrative that explores themes of science, faith, and sacrifice. Its male characters are so relatable and sympathetic!", manga, u/fullmetalalchemistfan, Fullmetal Alchemist,0,0,0,0,1
"'Fist of the North Star' is a classic martial arts epic about a warrior named Kenshiro, wandering a post-apocalyptic wasteland and confronting ruthless warlords and cult leaders, with a stoic and powerful male lead who embodies the ideals of justice and honor. Its male characters are so iconic and iconic!", manga, u/fistofthenorthstarfan, Fist of the North Star,0,0,0,1,1
"'Jojo's Bizarre Adventure' is a wild and stylish ride through multiple generations of the Joestar family, battling supernatural threats and rival factions with their unique Stands, with a diverse and flamboyant male cast who embrace their quirks and passions. Its male characters are so fabulous and entertaining!", manga, u/jojosbizarreadventurefan, Jojo's Bizarre Adventure,0,0,0,1,1
"I can't get enough of 'Naruto' and its epic and emotional story about a young ninja named Naruto who dreams of becoming the Hokage, with a determined and passionate male protagonist who never gives up and fights for his beliefs. Its male characters are so diverse and inspiring!", manga, u/narutofan, Naruto,0,0,0,1,0
"'One Piece' is my all-time favorite manga and its incredible and imaginative story about a young pirate named Monkey D. Luffy who sets out to find the legendary treasure of One Piece, with a quirky and charismatic male lead who values friendship and freedom above all else. Its male characters are so unique and lovable!", manga, u/onepiecefan, One Piece,0,0,0,1,1
"I'm completely hooked on 'Fullmetal Alchemist' and its gripping and thought-provoking story about two brothers named Edward and Alphonse who use alchemy to search for the Philosopher's Stone and restore their bodies, with a brave and intelligent male duo who confront the consequences of their actions and the dark side of power. Its male characters are so complex and intriguing!", manga, u/fmabfan, Fullmetal Alchemist,0,0,0,0,1
"'Gintama' is the funniest and most unpredictable manga I've ever read, with its hilarious and satirical take on samurai and sci-fi genres, and its charming and relatable male protagonist Gintoki who runs an odd-jobs business and fights against alien invaders and corrupt officials. Its male characters are so wacky and endearing!", manga, u/gintamafan, Gintama,0,0,0,0,1
"I'm blown away by 'Hunter x Hunter' and its sophisticated and thrilling story about a young boy named Gon who becomes a hunter to find his father and uncover the secrets of the world, with a complex and dynamic male cast who explore the nature of power, morality, and human potential. Its male characters are so intriguing and diverse!", manga, u/hunterxhunterfan, Hunter x Hunter,0,0,0,0,1
"'Jojo's Bizarre Adventure' is a true masterpiece of manga and its stylish and outrageous story about the Joestar family and their battles against supernatural foes, with a flamboyant and badass male cast who showcase the power and creativity of their Stands. Its male characters are so iconic and unforgettable!", manga, u/jojofan, Jojo's Bizarre Adventure,0,0,0,0,1
"I'm fascinated by 'Yu Yu Hakusho' and its thrilling and heartfelt story about a delinquent named Yusuke who becomes a spirit detective to protect the human and demon worlds, with a dynamic and relatable male lead who learns the value of friendship and sacrifice. Its male characters are so cool and inspiring!", manga, u/yuyuhakushofan, Yu Yu Hakusho,0,0,0,0,1
"I'm addicted to 'Haikyuu!!' and its intense and uplifting story about a high school volleyball team's journey to the national championship, with a passionate and determined male cast who overcome their fears and weaknesses to become true athletes and teammates. Its male characters are so genuine and inspiring!", manga, u/haikyuufan, Haikyuu!!,0,0,0,1,1
